Product Name,DB Available Qty,DB Physical Qty,Owed,Delivered,Actual Physical Count,Variance (Actual - DB),Damaged (Write-off)
100 S [56],-7,118,125,49,143.0,25.0,0.0
100 S [56] [4 line],-4,0,4,0,0.0,0.0,0.0
15 Plastic Scale,3,34,29,9,34.0,0.0,0.0
200 S,107,280,173,92,290.0,10.0,0.0
200 S [2 line],-6,0,6,0,0.0,0.0,0.0
200 S [4 line],35,63,31,41,66.0,3.0,1.0
200 S [box],40,142,107,88,152.0,10.0,0.0
24 shades wax crayon,-1,0,1,0,0.0,0.0,0.0
30 Plastic Scale,7,20,13,10,18.0,-2.0,1.0
A4 120,-26,106,132,266,97.0,-9.0,3.0
A4 176,371,1290,919,702,1127.0,-163.0,3.0
A4 240,-150,188,328,345,147.0,-41.0,6.0
A4 392,63,189,126,106,177.0,-12.0,3.0
A4 Rough large [~300 pages],-6,0,6,0,0.0,0.0,0.0
AnkdaShashtra (આંકડાશાસ્ત્ર),0,0,0,0,0.0,0.0,0.0
Ankdashashtra Part – 1 (આંકડાશાસ્ત્ર),0,0,0,0,0.0,0.0,0.0
Ankdashashtra Part – 2 (આંકડાશાસ્ત્ર),0,0,0,0,0.0,0.0,0.0
Apsara eraser [5 rs],-3,0,3,0,0.0,0.0,0.0
Apsara pencil 1 નંગ,625,1400,5,0,1170.0,-230.0,0.0
Arthshashtra (અર્થશાસ્ત્ર),0,0,0,0,0.0,0.0,0.0
Arthshatra (અર્થશાસ્ત્ર),0,0,0,0,0.0,0.0,0.0
B5 172 [4 line],34,59,21,34,56.0,-3.0,0.0
B5 176,591,1054,471,216,1057.0,3.0,3.0
B5 176 [2 line],-12,0,12,0,0.0,0.0,0.0
B5 176 [Box],8,22,14,27,13.0,-9.0,0.0
B5 80,63,98,35,22,86.0,-12.0,0.0
Bhautik Vigyan (Volume 1 & 2) (ભૌતિક વિજ્ઞાન),0,0,0,0,0.0,0.0,0.0
Bhautik Vigyan Part -2 (ભૌતિક વિજ્ઞાન),0,0,0,0,0.0,0.0,0.0
Bhautik Vigyan – Part - 3 (ભૌતિક વિજ્ઞાન),-1,0,1,0,0.0,0.0,0.0
Bhugol  (ભૂગોળ),0,0,0,0,0.0,0.0,0.0
Bhugol (ભૂગોળ),0,0,0,0,0.0,0.0,0.0
Black buck english std 10,-1,0,1,0,0.0,0.0,0.0
Bottle,5,5,0,0,0.0,-5.0,0.0
Calculator,-2,8,10,6,7.0,-1.0,0.0
Camlin sketch pen [12•shades],-5,0,5,0,0.0,0.0,0.0
Camlin supreme HD Pencil,-5,0,5,0,0.0,0.0,0.0
Chemistry 11 part 1,0,-1,0,1,0.0,1.0,0.0
Colouring book,-1,0,1,0,0.0,0.0,0.0
Computer studies std 10,-1,0,1,0,0.0,0.0,0.0
Cover,-101,27,131,71,25.1,-1.8999999999999986,0.3
Cover single piece,-1008,275,23,15,252.0,-23.0,3.0
Crafting paper A4,-1,0,1,0,0.0,0.0,0.0
Desi Hisab,-1,0,1,0,0.0,0.0,0.0
Diery,-1,0,1,0,0.0,0.0,0.0
Doms Geometry box,-6,0,6,0,0.0,0.0,0.0
Doms Kika pen,-175,-125,50,25,40.0,165.0,0.0
Doms brush pen,-1,0,1,0,0.0,0.0,0.0
Doms eraser pack,-1,0,1,0,0.0,0.0,0.0
Doms karbon pencil,-4,0,4,0,0.0,0.0,0.0
Drawing Book,7,70,64,41,61.0,-9.0,4.0
Drawing book medium size,-3,0,3,0,0.0,0.0,0.0
Economics,0,0,0,0,0.0,0.0,0.0
Elements of Accounts  Part - 1 (Accountancy),0,0,0,0,0.0,0.0,0.0
English (FL),0,0,0,0,0.0,0.0,0.0
English (FL),0,0,0,0,0.0,0.0,0.0
English (FL),0,0,0,0,0.0,0.0,0.0
English (SL),-1,0,1,0,0.0,0.0,0.0
English (SL),-3,0,3,0,0.0,0.0,0.0
English (SL),0,0,0,0,0.0,0.0,0.0
English (SL),0,0,0,0,0.0,0.0,0.0
English (SL),-1,0,1,0,0.0,0.0,0.0
English (SL) sem-1 textbook,-1,0,1,0,0.0,0.0,0.0
English (SL) sem-2 textbook,-1,0,1,0,0.0,0.0,0.0
English - Part 1 (SL),-1,0,1,0,0.0,0.0,0.0
English - Part 1 (SL),-2,0,2,0,0.0,0.0,0.0
English - Part 2 (SL),-2,0,2,0,0.0,0.0,0.0
English - Part 2 (SL),-1,0,1,0,0.0,0.0,0.0
English Grammar,-1,0,1,0,0.0,0.0,0.0
English essay std 10,-1,0,1,0,0.0,0.0,0.0
English expert part-1,-1,0,1,0,0.0,0.0,0.0
English expert part-2,-1,0,1,0,0.0,0.0,0.0
English grammar,0,0,0,0,0.0,0.0,0.0
English grammar (activity book) by v.c. khatri,-1,0,1,0,0.0,0.0,0.0
English grammar VC Khatri,-1,0,1,0,0.0,0.0,0.0
English grammar std 10,-2,0,2,0,0.0,0.0,0.0
English navneet,-1,0,1,0,0.0,0.0,0.0
English textbook,-1,0,1,0,0.0,0.0,0.0
Eraser Apsara,111,483,377,177,345.0,-138.0,0.0
Fabric colour 6 colour,-1,0,1,0,0.0,0.0,0.0
Fevicol small,-1,0,1,0,0.0,0.0,0.0
File,-4,0,4,0,0.0,0.0,0.0
Ganit (Volume 1 & 2) (ગણિત),0,0,0,0,0.0,0.0,0.0
Ganit (ગણિત),-1,0,1,0,0.0,0.0,0.0
Ganit (ગણિત),0,0,0,0,0.0,0.0,0.0
Ganit (ગણિત),0,0,0,0,0.0,0.0,0.0
Ganit (ગણિત),-1,0,1,0,0.0,0.0,0.0
Ganit (ગણિત) - Part -2 (બેઝિક તથા સ્ટાન્ડર્ડ ),-2,0,2,0,0.0,0.0,0.0
Ganit (ગણિત) – Part -1 (બેઝિક તથા સ્ટાન્ડર્ડ),-2,0,2,0,0.0,0.0,0.0
Ganit Part -1  (ગણિત),0,0,0,0,0.0,0.0,0.0
Ganit Part -2  (ગણિત),0,0,0,0,0.0,0.0,0.0
Ganit expert part-1,-1,0,1,0,0.0,0.0,0.0
Ganit expert part-2,-1,0,1,0,0.0,0.0,0.0
Ganit navneet ( Ganit gammat),-1,0,1,0,0.0,0.0,0.0
Ganit textbook,-1,0,1,0,0.0,0.0,0.0
Ganja,-3,12,15,2,10.0,-2.0,0.0
Glue stick,-1,0,1,0,0.0,0.0,0.0
Golden Key to Computers,0,0,0,0,0.0,0.0,0.0
Golden Key to Computers,0,0,0,0,0.0,0.0,0.0
Goldex pen,0,0,0,25,0.0,0.0,0.0
Graph,13,49,36,56,26.0,-23.0,1.0
Graph book (Big box),-2,0,2,0,0.0,0.0,0.0
Guj Board XI Chemistry Part 1,0,0,0,1,0.0,0.0,0.0
Guj Board XI Maths part 1,0,0,0,1,0.0,0.0,0.0
Guj Board XI Physics,0,0,0,1,0.0,0.0,0.0
Gujarati (FL) - (ગુજરાતી),0,0,0,0,0.0,0.0,0.0
Gujarati (FL) - (ગુજરાતી),-1,0,1,0,0.0,0.0,0.0
Gujarati (FL) - (ગુજરાતી),-1,0,1,0,0.0,0.0,0.0
Gujarati (FL) - (ગુજરાતી),0,0,0,0,0.0,0.0,0.0
Gujarati (FL) - (ગુજરાતી),-1,0,1,0,0.0,0.0,0.0
Gujarati (FL) - (ગુજરાતી),-2,0,2,0,0.0,0.0,0.0
Gujarati (FL) - (ગુજરાતી),-1,0,1,0,0.0,0.0,0.0
Gujarati (SL),0,0,0,0,0.0,0.0,0.0
Gujarati (SL),-1,-1,0,0,0.0,1.0,0.0
Gujarati (SL),0,0,0,0,0.0,0.0,0.0
Gujarati (SL),0,0,0,0,0.0,0.0,0.0
Gujarati (SL),0,0,0,0,0.0,0.0,0.0
Gujarati essay std 10,-1,0,1,0,0.0,0.0,0.0
Gujrati FL. expert part-1,-1,0,1,0,0.0,0.0,0.0
Gujrati FL. expert part-2,-1,0,1,0,0.0,0.0,0.0
Gujrati navneet (kekarav),-1,0,1,0,0.0,0.0,0.0
Gujrati textbook (kuhoo),-1,0,1,0,0.0,0.0,0.0
Hard cover 150pg,-3,0,3,0,NO_COUNT_DATA,NO_COUNT_DATA,NO_COUNT_DATA
Hard cover 200pg,-1,-1,0,3,0.0,1.0,0.0
Hindi,0,0,0,0,0.0,0.0,0.0
Hindi (Part -2),0,0,0,0,0.0,0.0,0.0
Hindi (Part -2),0,0,0,0,0.0,0.0,0.0
Hindi (Part -2),0,0,0,0,0.0,0.0,0.0
Hindi (Part 1),0,0,0,0,0.0,0.0,0.0
Hindi (Part 1),0,0,0,0,0.0,0.0,0.0
Hindi (Part 1),0,0,0,0,0.0,0.0,0.0
Hindi (हिन्दी),0,0,0,0,0.0,0.0,0.0
Hindi (हिन्दी),-1,0,1,0,0.0,0.0,0.0
Hindi (हिन्दी),-1,0,1,0,0.0,0.0,0.0
Hindi (हिन्दी) Part -1,-1,0,1,0,0.0,0.0,0.0
Hindi (हिन्दी) Part -1,-1,0,1,0,0.0,0.0,0.0
Hindi (हिन्दी) Part -1,-2,0,2,0,0.0,0.0,0.0
Hindi (हिन्दी) Part -2,-1,0,1,0,0.0,0.0,0.0
Hindi (हिन्दी) Part -2,-2,0,2,0,0.0,0.0,0.0
Hindi (हिन्दी) Part -2,-1,0,1,0,0.0,0.0,0.0
Hindi SL. Expert part-2,-1,0,1,0,0.0,0.0,0.0
Hindi SL. Sem-1,-1,0,1,0,0.0,0.0,0.0
Hindi SL. Sem-2,-1,0,1,0,0.0,0.0,0.0
Hindi navneet,-1,0,1,0,0.0,0.0,0.0
Honeycomb English (NCERT),0,0,0,0,0.0,0.0,0.0
Honeydew English (NCERT),0,0,0,0,0.0,0.0,0.0
Honeysuckle English (NCERT),0,0,0,0,0.0,0.0,0.0
Jeev Vigyan – Part - 2 (જીવ વિજ્ઞાન),-2,0,2,0,0.0,0.0,0.0
Jeev vigyan (Volume 1 & 2) (જીવવિજ્ઞાન),0,0,0,0,0.0,0.0,0.0
Ketan chitrakala,-1,0,1,0,0.0,0.0,0.0
Manovigyan (મનોવિજ્ઞાન),0,0,0,0,0.0,0.0,0.0
Mathematics,0,0,0,0,0.0,0.0,0.0
Mathematics,0,0,0,0,0.0,0.0,0.0
Mathematics,0,0,0,0,0.0,0.0,0.0
Mathematics,0,0,0,0,0.0,0.0,0.0
Mathematics 11,0,-1,0,1,0.0,1.0,0.0
Mathematics Part - 1 (Basic & Standard),0,0,0,0,0.0,0.0,0.0
Mathematics Part - 2 (Basic & Standard),0,0,0,0,0.0,0.0,0.0
Namana Multatvo -Part -1 (નામાનાં મૂળતત્વો),0,0,0,0,0.0,0.0,0.0
Namana Multatvo -Part -1 (નામાનાં મૂળતત્વો),0,0,0,0,0.0,0.0,0.0
Namana Multatvo -Part -2 (નામાનાં મૂળતત્વો),0,0,0,0,0.0,0.0,0.0
Namana Multatvo -Part -2 (નામાનાં મૂળતત્વો),0,0,0,0,0.0,0.0,0.0
Natraj pencil,-3,0,3,0,0.0,0.0,0.0
Orange cover Plastic,-5,1,3,2,0.0,-1.0,0.0
Oreva Calculator,-1,0,1,0,0.0,0.0,0.0
Organisation of Commerce and Management,0,0,0,0,0.0,0.0,0.0
Pahelu kadam,-1,0,1,0,0.0,0.0,0.0
Paper bunch,-1,0,1,0,NO_COUNT_DATA,NO_COUNT_DATA,NO_COUNT_DATA
Paryavaran navneet ( Aaspas),-1,0,1,0,0.0,0.0,0.0
Pencil Apsara Platinum,62,140,78,31,0.0,-140.0,0.0
Pencil Colour,13,24,12,6,22.0,-2.0,0.0
Pentonic pen,-5,0,5,0,0.0,0.0,0.0
Physical education Gujarati,-2,0,2,0,0.0,0.0,0.0
Physics std 11 part 1,0,-1,0,1,0.0,1.0,0.0
Plastic Crayon,13,28,15,2,27.0,-1.0,0.0
Plastic crayon 24 shade,-1,0,1,0,0.0,0.0,0.0
Poster colour 12 shade,-1,0,1,0,0.0,0.0,0.0
Pouch (9056),22,68,47,28,63.0,-5.0,0.0
Practical book 100 pages,-2,0,2,0,0.0,0.0,0.0
Pura 200pg small,-20,0,20,0,NO_COUNT_DATA,NO_COUNT_DATA,NO_COUNT_DATA
Raja Slate Small,0,9,9,2,7.0,-2.0,0.0
Rasayan Vigyan (Volume 1 & 2) (રસાયણ વિજ્ઞાન),0,0,0,0,0.0,0.0,0.0
Rasayan Vigyan Part-1 (રસાયણ વિજ્ઞાન),0,0,0,0,0.0,0.0,0.0
Rasayan Vigyan Part-2 (રસાયણ વિજ્ઞાન),0,0,0,0,0.0,0.0,0.0
Rasayan Vigyan – Part - 1 (રસાયણ વિજ્ઞાન),-2,0,2,0,0.0,0.0,0.0
Rough B5 144,416,508,90,128,497.0,-11.0,4.0
Saino Misti,-39,60,99,55,14.05,-45.95,0.0
Saino Misti 1 નંગ,-780,1200,0,0,1152.0,-48.0,0.0
Samajik Vigyan (સામાજિક વિજ્ઞાન),-1,0,1,0,0.0,0.0,0.0
Samajik Vigyan (સામાજિક વિજ્ઞાન),-1,0,1,0,0.0,0.0,0.0
Samajik Vigyan (સામાજિક વિજ્ઞાન),-2,0,2,0,0.0,0.0,0.0
Samajik Vigyan (સામાજિક વિજ્ઞાન),-1,0,1,0,0.0,0.0,0.0
Samajik Vigyan (સામાજિક વિજ્ઞાન),-1,0,1,0,0.0,0.0,0.0
Samajshashtra (સમાજશાસ્ત્ર),0,0,0,0,0.0,0.0,0.0
Samajshashtra (સમાજશાસ્ત્ર),0,0,0,0,0.0,0.0,0.0
Sanskrit,0,0,0,0,0.0,0.0,0.0
Sanskrit,0,0,0,0,0.0,0.0,0.0
Sanskrit (Part 1),0,0,0,0,0.0,0.0,0.0
Sanskrit (Part 1),0,0,0,0,0.0,0.0,0.0
Sanskrit (Part 1),0,0,0,0,0.0,0.0,0.0
Sanskrit (Part 2),0,0,0,0,0.0,0.0,0.0
Sanskrit (Part 2),0,0,0,0,0.0,0.0,0.0
Sanskrit (Part 2),0,0,0,0,0.0,0.0,0.0
Sanskrit (संस्कृत),0,0,0,0,0.0,0.0,0.0
Sanskrit (संस्कृत),-3,0,3,0,0.0,0.0,0.0
Sanskrit (संस्कृत),-1,0,1,0,0.0,0.0,0.0
Sanskrit (संस्कृत) - Part -1,-1,0,1,0,0.0,0.0,0.0
Sanskrit (संस्कृत) - Part -1,-1,0,1,0,0.0,0.0,0.0
Sanskrit (संस्कृत) - Part -1,-1,0,1,0,0.0,0.0,0.0
Sanskrit (संस्कृत) Part -2,-1,0,1,0,0.0,0.0,0.0
Sanskrit (संस्कृत) Part -2,-1,0,1,0,0.0,0.0,0.0
Sanskrit (संस्कृत) Part -2,-1,0,1,0,0.0,0.0,0.0
Science,0,0,0,0,0.0,0.0,0.0
Science,0,0,0,0,0.0,0.0,0.0
Science,0,0,0,0,0.0,0.0,0.0
Science,0,0,0,0,0.0,0.0,0.0
Science Part - 1 (Chemistry),-1,0,1,0,0.0,0.0,0.0
Science Part - 2 (Biology),-1,0,1,0,0.0,0.0,0.0
Science Part -3 (Physics),-1,0,1,0,0.0,0.0,0.0
Sharpener,73,362,294,78,402.0,40.0,0.0
Sketch pen big,-1,0,1,0,0.0,0.0,0.0
Small 144,-2,0,2,0,0.0,0.0,0.0
Small 144 plain,-1,0,1,0,0.0,0.0,0.0
Small Drawing book,-1,0,1,0,0.0,0.0,0.0
Smart teacher pen pack,-1,0,1,0,0.0,0.0,0.0
Social Science,0,0,0,0,0.0,0.0,0.0
Social Science,0,0,0,0,0.0,0.0,0.0
Social Science,0,0,0,0,0.0,0.0,0.0
Social Science,-1,0,1,0,0.0,0.0,0.0
Social Science,0,0,0,0,0.0,0.0,0.0
Steel Scale,37,62,25,8,60.0,-2.0,0.0
Sticker,-4,0,4,0,0.0,0.0,0.0
Tatvagyan (તત્વજ્ઞાન),0,0,0,0,0.0,0.0,0.0
Transparent Board,-14,-4,10,18,6.0,10.0,0.0
Transparent file,-3,0,3,0,0.0,0.0,0.0
Transparent pounch,-1,0,1,0,0.0,0.0,0.0
Vanijya Patravyavahar & Secretarial Practice (વાણિજય પત્રવ્યવહાર અને સેક્રેટેરિઅલ પ્રેકટિસ),0,0,0,0,0.0,0.0,0.0
Vanijya Vyavastha & Sanchalan (વાણિજ્ય વ્યવસ્થા અને સંચાલન),0,0,0,0,0.0,0.0,0.0
Vaniya Vyavastha & Sanchalan (વાણીયા વ્યવસ્થા અને સંચલન),0,0,0,0,0.0,0.0,0.0
Vigyan (વિજ્ઞાન),-1,0,1,0,0.0,0.0,0.0
Vigyan (વિજ્ઞાન),-2,0,2,0,0.0,0.0,0.0
Vigyan (વિજ્ઞાન),-1,0,1,0,0.0,0.0,0.0
Vigyan (વિજ્ઞાન),-1,0,1,0,0.0,0.0,0.0
Water Colour,4,16,12,9,14.0,-2.0,0.0
Water colour dish,-1,0,1,0,NO_COUNT_DATA,NO_COUNT_DATA,NO_COUNT_DATA
Wax Crayon,23,37,14,4,34.0,-3.0,1.0
Wax crayon box,-2,0,2,0,0.0,0.0,0.0
Whitener,-2,0,2,0,NO_COUNT_DATA,NO_COUNT_DATA,NO_COUNT_DATA
Wood Board,20,74,55,23,64.0,-10.0,0.0
XO,55,89,36,27,0.0,-89.0,0.0
XO 1 નંગ,550,890,0,0,910.0,20.0,0.0
XO black pen,-2,0,2,0,0.0,0.0,0.0
XO colouring gel pen,-1,0,1,0,0.0,0.0,0.0
camlin 30 cm plastic scale,-1,0,1,0,0.0,0.0,0.0
કમ્પ્યુટર : કલીક એન્ડ લર્ન textbook,-1,0,1,0,0.0,0.0,0.0
કાટલા,-3,0,3,0,0.0,0.0,0.0
પર્યાવરણ expert part-1,-1,0,1,0,0.0,0.0,0.0
પર્યાવરણ expert part-2,-1,0,1,0,0.0,0.0,0.0
પર્યાવરણ textbook,-1,0,1,0,0.0,0.0,0.0
યોગ અને શા. શિક્ષણ,-1,0,1,0,0.0,0.0,0.0
વર્તુળ,-4,0,4,0,0.0,0.0,0.0
