Product Name,Database Qty,Actual Physical Qty,Variance (Actual - DB),Damaged (Written Off)
100 S [56],118.0,143.0,25.0,0.0
100 S [56] [4 line],0.0,0.0,0.0,0.0
15 Plastic Scale,34.0,34.0,0.0,0.0
200 S,280.0,290.0,10.0,0.0
200 S [2 line],0.0,0.0,0.0,0.0
200 S [4 line],63.0,66.0,3.0,1.0
200 S [box],142.0,152.0,10.0,0.0
24 shades wax crayon,0.0,0.0,0.0,0.0
30 Plastic Scale,20.0,18.0,-2.0,1.0
A4 120,106.0,97.0,-9.0,3.0
A4 176,1290.0,1127.0,-163.0,3.0
A4 240,188.0,147.0,-41.0,6.0
A4 392,189.0,177.0,-12.0,3.0
A4 Rough large [~300 pages],0.0,0.0,0.0,0.0
AnkdaShashtra (આંકડાશાસ્ત્ર),0.0,0.0,0.0,0.0
Ankdashashtra Part – 1 (આંકડાશાસ્ત્ર),0.0,0.0,0.0,0.0
Ankdashashtra Part – 2 (આંકડાશાસ્ત્ર),0.0,0.0,0.0,0.0
Apsara eraser [5 rs],0.0,0.0,0.0,0.0
Apsara pencil 1 નંગ,1400.0,1170.0,-230.0,0.0
Arthshashtra (અર્થશાસ્ત્ર),0.0,0.0,0.0,0.0
Arthshatra (અર્થશાસ્ત્ર),0.0,0.0,0.0,0.0
B5 172 [4 line],59.0,56.0,-3.0,0.0
B5 176,1054.0,1057.0,3.0,3.0
B5 176 [2 line],0.0,0.0,0.0,0.0
B5 176 [Box],22.0,13.0,-9.0,0.0
B5 80,98.0,86.0,-12.0,0.0
Bhautik Vigyan – Part - 3 (ભૌતિક વિજ્ઞાન),0.0,0.0,0.0,0.0
Bhautik Vigyan (Volume 1 & 2) (ભૌતિક વિજ્ઞાન),0.0,0.0,0.0,0.0
Bhautik Vigyan Part -2 (ભૌતિક વિજ્ઞાન),0.0,0.0,0.0,0.0
Bhugol  (ભૂગોળ),0.0,0.0,0.0,0.0
Bhugol (ભૂગોળ),0.0,0.0,0.0,0.0
Black buck english std 10,0.0,0.0,0.0,0.0
Bottle,5.0,0.0,-5.0,0.0
Calculator,8.0,7.0,-1.0,0.0
camlin 30 cm plastic scale,0.0,0.0,0.0,0.0
Camlin sketch pen [12•shades],0.0,0.0,0.0,0.0
Camlin supreme HD Pencil,0.0,0.0,0.0,0.0
Chemistry 11 part 1,-1.0,0.0,1.0,0.0
Colouring book,0.0,0.0,0.0,0.0
Computer studies std 10,0.0,0.0,0.0,0.0
Cover,27.0,25.1,-1.8999999999999986,0.3
Cover single piece,275.0,252.0,-23.0,3.0
Crafting paper A4,0.0,0.0,0.0,0.0
Desi Hisab,0.0,0.0,0.0,0.0
Diery,0.0,0.0,0.0,0.0
Doms brush pen,0.0,0.0,0.0,0.0
Doms eraser pack,0.0,0.0,0.0,0.0
Doms Geometry box,0.0,0.0,0.0,0.0
Doms karbon pencil,0.0,0.0,0.0,0.0
Doms Kika pen,-125.0,40.0,165.0,0.0
Drawing Book,70.0,61.0,-9.0,4.0
Drawing book medium size,0.0,0.0,0.0,0.0
Economics,0.0,0.0,0.0,0.0
Elements of Accounts  Part - 1 (Accountancy),0.0,0.0,0.0,0.0
English - Part 1 (SL),0.0,0.0,0.0,0.0
English - Part 1 (SL),0.0,0.0,0.0,0.0
English - Part 2 (SL),0.0,0.0,0.0,0.0
English - Part 2 (SL),0.0,0.0,0.0,0.0
English (FL),0.0,0.0,0.0,0.0
English (FL),0.0,0.0,0.0,0.0
English (FL),0.0,0.0,0.0,0.0
English (SL),0.0,0.0,0.0,0.0
English (SL),0.0,0.0,0.0,0.0
English (SL),0.0,0.0,0.0,0.0
English (SL),0.0,0.0,0.0,0.0
English (SL),0.0,0.0,0.0,0.0
English (SL) sem-1 textbook,0.0,0.0,0.0,0.0
English (SL) sem-2 textbook,0.0,0.0,0.0,0.0
English essay std 10,0.0,0.0,0.0,0.0
English expert part-1,0.0,0.0,0.0,0.0
English expert part-2,0.0,0.0,0.0,0.0
English Grammar,0.0,0.0,0.0,0.0
English grammar,0.0,0.0,0.0,0.0
English grammar (activity book) by v.c. khatri,0.0,0.0,0.0,0.0
English grammar std 10,0.0,0.0,0.0,0.0
English grammar VC Khatri,0.0,0.0,0.0,0.0
English navneet,0.0,0.0,0.0,0.0
English textbook,0.0,0.0,0.0,0.0
Eraser Apsara,483.0,345.0,-138.0,0.0
Fabric colour 6 colour,0.0,0.0,0.0,0.0
Fevicol small,0.0,0.0,0.0,0.0
File,0.0,0.0,0.0,0.0
Ganit (Volume 1 & 2) (ગણિત),0.0,0.0,0.0,0.0
Ganit (ગણિત),0.0,0.0,0.0,0.0
Ganit (ગણિત),0.0,0.0,0.0,0.0
Ganit (ગણિત),0.0,0.0,0.0,0.0
Ganit (ગણિત),0.0,0.0,0.0,0.0
Ganit (ગણિત) - Part -2 (બેઝિક તથા સ્ટાન્ડર્ડ ),0.0,0.0,0.0,0.0
Ganit (ગણિત) – Part -1 (બેઝિક તથા સ્ટાન્ડર્ડ),0.0,0.0,0.0,0.0
Ganit expert part-1,0.0,0.0,0.0,0.0
Ganit expert part-2,0.0,0.0,0.0,0.0
Ganit navneet ( Ganit gammat),0.0,0.0,0.0,0.0
Ganit Part -1  (ગણિત),0.0,0.0,0.0,0.0
Ganit Part -2  (ગણિત),0.0,0.0,0.0,0.0
Ganit textbook,0.0,0.0,0.0,0.0
Ganja,12.0,10.0,-2.0,0.0
Glue stick,0.0,0.0,0.0,0.0
Golden Key to Computers,0.0,0.0,0.0,0.0
Golden Key to Computers,0.0,0.0,0.0,0.0
Goldex pen,0.0,0.0,0.0,0.0
Graph,49.0,26.0,-23.0,1.0
Graph book (Big box),0.0,0.0,0.0,0.0
Guj Board XI Chemistry Part 1,0.0,0.0,0.0,0.0
Guj Board XI Maths part 1,0.0,0.0,0.0,0.0
Guj Board XI Physics,0.0,0.0,0.0,0.0
Gujarati (FL) - (ગુજરાતી),0.0,0.0,0.0,0.0
Gujarati (FL) - (ગુજરાતી),0.0,0.0,0.0,0.0
Gujarati (FL) - (ગુજરાતી),0.0,0.0,0.0,0.0
Gujarati (FL) - (ગુજરાતી),0.0,0.0,0.0,0.0
Gujarati (FL) - (ગુજરાતી),0.0,0.0,0.0,0.0
Gujarati (FL) - (ગુજરાતી),0.0,0.0,0.0,0.0
Gujarati (FL) - (ગુજરાતી),0.0,0.0,0.0,0.0
Gujarati (SL),-1.0,0.0,1.0,0.0
Gujarati (SL),-1.0,0.0,1.0,0.0
Gujarati (SL),-1.0,0.0,1.0,0.0
Gujarati (SL),-1.0,0.0,1.0,0.0
Gujarati (SL),-1.0,0.0,1.0,0.0
Gujarati essay std 10,0.0,0.0,0.0,0.0
Gujrati FL. expert part-1,0.0,0.0,0.0,0.0
Gujrati FL. expert part-2,0.0,0.0,0.0,0.0
Gujrati navneet (kekarav),0.0,0.0,0.0,0.0
Gujrati textbook (kuhoo),0.0,0.0,0.0,0.0
Hard cover 200pg,-1.0,0.0,1.0,0.0
Hindi,0.0,0.0,0.0,0.0
Hindi (Part -2),0.0,0.0,0.0,0.0
Hindi (Part -2),0.0,0.0,0.0,0.0
Hindi (Part -2),0.0,0.0,0.0,0.0
Hindi (Part 1),0.0,0.0,0.0,0.0
Hindi (Part 1),0.0,0.0,0.0,0.0
Hindi (Part 1),0.0,0.0,0.0,0.0
Hindi (हिन्दी),0.0,0.0,0.0,0.0
Hindi (हिन्दी),0.0,0.0,0.0,0.0
Hindi (हिन्दी),0.0,0.0,0.0,0.0
Hindi (हिन्दी) Part -1,0.0,0.0,0.0,0.0
Hindi (हिन्दी) Part -1,0.0,0.0,0.0,0.0
Hindi (हिन्दी) Part -1,0.0,0.0,0.0,0.0
Hindi (हिन्दी) Part -2,0.0,0.0,0.0,0.0
Hindi (हिन्दी) Part -2,0.0,0.0,0.0,0.0
Hindi (हिन्दी) Part -2,0.0,0.0,0.0,0.0
Hindi navneet,0.0,0.0,0.0,0.0
Hindi SL. Expert part-2,0.0,0.0,0.0,0.0
Hindi SL. Sem-1,0.0,0.0,0.0,0.0
Hindi SL. Sem-2,0.0,0.0,0.0,0.0
Honeycomb English (NCERT),0.0,0.0,0.0,0.0
Honeydew English (NCERT),0.0,0.0,0.0,0.0
Honeysuckle English (NCERT),0.0,0.0,0.0,0.0
Jeev Vigyan – Part - 2 (જીવ વિજ્ઞાન),0.0,0.0,0.0,0.0
Jeev vigyan (Volume 1 & 2) (જીવવિજ્ઞાન),0.0,0.0,0.0,0.0
Ketan chitrakala,0.0,0.0,0.0,0.0
Manovigyan (મનોવિજ્ઞાન),0.0,0.0,0.0,0.0
Mathematics,0.0,0.0,0.0,0.0
Mathematics,0.0,0.0,0.0,0.0
Mathematics,0.0,0.0,0.0,0.0
Mathematics,0.0,0.0,0.0,0.0
Mathematics 11,-1.0,0.0,1.0,0.0
Mathematics Part - 1 (Basic & Standard),0.0,0.0,0.0,0.0
Mathematics Part - 2 (Basic & Standard),0.0,0.0,0.0,0.0
Namana Multatvo -Part -1 (નામાનાં મૂળતત્વો),0.0,0.0,0.0,0.0
Namana Multatvo -Part -1 (નામાનાં મૂળતત્વો),0.0,0.0,0.0,0.0
Namana Multatvo -Part -2 (નામાનાં મૂળતત્વો),0.0,0.0,0.0,0.0
Namana Multatvo -Part -2 (નામાનાં મૂળતત્વો),0.0,0.0,0.0,0.0
Natraj pencil,0.0,0.0,0.0,0.0
Orange cover Plastic,1.0,0.0,-1.0,0.0
Oreva Calculator,0.0,0.0,0.0,0.0
Organisation of Commerce and Management,0.0,0.0,0.0,0.0
Pahelu kadam,0.0,0.0,0.0,0.0
Paryavaran navneet ( Aaspas),0.0,0.0,0.0,0.0
Pencil Apsara Platinum,140.0,0.0,-140.0,0.0
Pencil Colour,24.0,22.0,-2.0,0.0
Pentonic pen,0.0,0.0,0.0,0.0
Physical education Gujarati,0.0,0.0,0.0,0.0
Physics std 11 part 1,-1.0,0.0,1.0,0.0
Plastic Crayon,28.0,27.0,-1.0,0.0
Plastic crayon 24 shade,0.0,0.0,0.0,0.0
Poster colour 12 shade,0.0,0.0,0.0,0.0
Pouch (9056),68.0,63.0,-5.0,0.0
Practical book 100 pages,0.0,0.0,0.0,0.0
Raja Slate Small,9.0,7.0,-2.0,0.0
Rasayan Vigyan – Part - 1 (રસાયણ વિજ્ઞાન),0.0,0.0,0.0,0.0
Rasayan Vigyan (Volume 1 & 2) (રસાયણ વિજ્ઞાન),0.0,0.0,0.0,0.0
Rasayan Vigyan Part-1 (રસાયણ વિજ્ઞાન),0.0,0.0,0.0,0.0
Rasayan Vigyan Part-2 (રસાયણ વિજ્ઞાન),0.0,0.0,0.0,0.0
Rough B5 144,508.0,497.0,-11.0,4.0
Saino Misti,60.0,14.05,-45.95,0.0
Saino Misti 1 નંગ,1200.0,1152.0,-48.0,0.0
Samajik Vigyan (સામાજિક વિજ્ઞાન),0.0,0.0,0.0,0.0
Samajik Vigyan (સામાજિક વિજ્ઞાન),0.0,0.0,0.0,0.0
Samajik Vigyan (સામાજિક વિજ્ઞાન),0.0,0.0,0.0,0.0
Samajik Vigyan (સામાજિક વિજ્ઞાન),0.0,0.0,0.0,0.0
Samajik Vigyan (સામાજિક વિજ્ઞાન),0.0,0.0,0.0,0.0
Samajshashtra (સમાજશાસ્ત્ર),0.0,0.0,0.0,0.0
Samajshashtra (સમાજશાસ્ત્ર),0.0,0.0,0.0,0.0
Sanskrit,0.0,0.0,0.0,0.0
Sanskrit,0.0,0.0,0.0,0.0
Sanskrit (Part 1),0.0,0.0,0.0,0.0
Sanskrit (Part 1),0.0,0.0,0.0,0.0
Sanskrit (Part 1),0.0,0.0,0.0,0.0
Sanskrit (Part 2),0.0,0.0,0.0,0.0
Sanskrit (Part 2),0.0,0.0,0.0,0.0
Sanskrit (Part 2),0.0,0.0,0.0,0.0
Sanskrit (संस्कृत),0.0,0.0,0.0,0.0
Sanskrit (संस्कृत),0.0,0.0,0.0,0.0
Sanskrit (संस्कृत),0.0,0.0,0.0,0.0
Sanskrit (संस्कृत) - Part -1,0.0,0.0,0.0,0.0
Sanskrit (संस्कृत) - Part -1,0.0,0.0,0.0,0.0
Sanskrit (संस्कृत) - Part -1,0.0,0.0,0.0,0.0
Sanskrit (संस्कृत) Part -2,0.0,0.0,0.0,0.0
Sanskrit (संस्कृत) Part -2,0.0,0.0,0.0,0.0
Sanskrit (संस्कृत) Part -2,0.0,0.0,0.0,0.0
Science,0.0,0.0,0.0,0.0
Science,0.0,0.0,0.0,0.0
Science,0.0,0.0,0.0,0.0
Science,0.0,0.0,0.0,0.0
Science Part - 1 (Chemistry),0.0,0.0,0.0,0.0
Science Part - 2 (Biology),0.0,0.0,0.0,0.0
Science Part -3 (Physics),0.0,0.0,0.0,0.0
Sharpener,362.0,402.0,40.0,0.0
Sketch pen big,0.0,0.0,0.0,0.0
Small 144,0.0,0.0,0.0,0.0
Small 144 plain,0.0,0.0,0.0,0.0
Small Drawing book,0.0,0.0,0.0,0.0
Smart teacher pen pack,0.0,0.0,0.0,0.0
Social Science,0.0,0.0,0.0,0.0
Social Science,0.0,0.0,0.0,0.0
Social Science,0.0,0.0,0.0,0.0
Social Science,0.0,0.0,0.0,0.0
Social Science,0.0,0.0,0.0,0.0
Steel Scale,62.0,60.0,-2.0,0.0
Sticker,0.0,0.0,0.0,0.0
Tatvagyan (તત્વજ્ઞાન),0.0,0.0,0.0,0.0
Transparent Board,-4.0,6.0,10.0,0.0
Transparent file,0.0,0.0,0.0,0.0
Transparent pounch,0.0,0.0,0.0,0.0
Vanijya Patravyavahar & Secretarial Practice (વાણિજય પત્રવ્યવહાર અને સેક્રેટેરિઅલ પ્રેકટિસ),0.0,0.0,0.0,0.0
Vanijya Vyavastha & Sanchalan (વાણિજ્ય વ્યવસ્થા અને સંચાલન),0.0,0.0,0.0,0.0
Vaniya Vyavastha & Sanchalan (વાણીયા વ્યવસ્થા અને સંચલન),0.0,0.0,0.0,0.0
Vigyan (વિજ્ઞાન),0.0,0.0,0.0,0.0
Vigyan (વિજ્ઞાન),0.0,0.0,0.0,0.0
Vigyan (વિજ્ઞાન),0.0,0.0,0.0,0.0
Vigyan (વિજ્ઞાન),0.0,0.0,0.0,0.0
Water Colour,16.0,14.0,-2.0,0.0
Wax Crayon,37.0,34.0,-3.0,1.0
Wax crayon box,0.0,0.0,0.0,0.0
Wood Board,74.0,64.0,-10.0,0.0
XO,89.0,0.0,-89.0,0.0
XO 1 નંગ,890.0,910.0,20.0,0.0
XO black pen,0.0,0.0,0.0,0.0
XO colouring gel pen,0.0,0.0,0.0,0.0
કમ્પ્યુટર : કલીક એન્ડ લર્ન textbook,0.0,0.0,0.0,0.0
કાટલા,0.0,0.0,0.0,0.0
પર્યાવરણ expert part-1,0.0,0.0,0.0,0.0
પર્યાવરણ expert part-2,0.0,0.0,0.0,0.0
પર્યાવરણ textbook,0.0,0.0,0.0,0.0
યોગ અને શા. શિક્ષણ,0.0,0.0,0.0,0.0
વર્તુળ,0.0,0.0,0.0,0.0
